{"cameraMode":{"drawMode":0,"name":"Shaded","section":"Shading Mode"},"sceneLighting":true,"audioPlay":false,"sceneViewState":{"m_AlwaysRefresh":false,"showFog":true,"showSkybox":true,"showFlares":true,"showImageEffects":true,"showParticleSystems":true,"showVisualEffectGraphs":true,"m_FxEnabled":true},"in2DMode":false,"pivot":{"x":604.1109008789063,"y":94.0303955078125,"z":1860.85595703125},"rotation":{"x":0.09169404953718186,"y":0.012280927039682866,"z":-0.0009359632385894656,"w":0.9959026575088501},"size":1290.9000244140625,"orthographic":false}